{
	"_SOURCE_REALTIME_TIMESTAMP" : "1690870090696571",
	"JOB_TYPE" : "start",
	"_HOSTNAME" : "restu",
	"_GID" : "0",
	"__CURSOR" : "s=29d90dfe862f40e8afcab55af609c07d;i=3ed;b=0c14b47805f34c7e94e143ef292e837c;m=1106191;t=601d65f1e0782;x=8ca7ca6f8a59076c",
	"_UID" : "0",
	"TID" : "1",
	"CODE_FUNC" : "job_emit_start_message",
	"_EXE" : "/usr/lib/systemd/systemd",
	"CODE_LINE" : "557",
	"_CMDLINE" : "/sbin/init",
	"INVOCATION_ID" : "26c774d4c0624ba4ba20a4105c09e980",
	"PRIORITY" : "6",
	"_PID" : "1",
	"JOB_ID" : "116",
	"_SYSTEMD_SLICE" : "-.slice",
	"_SYSTEMD_CGROUP" : "/init.scope",
	"_SELINUX_CONTEXT" : "unconfined\n",
	"MESSAGE" : "Starting OpenBSD Secure Shell server...",
	"_BOOT_ID" : "0c14b47805f34c7e94e143ef292e837c",
	"__MONOTONIC_TIMESTAMP" : "17850769",
	"__REALTIME_TIMESTAMP" : "1690870090696578",
	"_TRANSPORT" : "journal",
	"CODE_FILE" : "src/core/job.c",
	"UNIT" : "ssh.service",
	"_MACHINE_ID" : "b2759cf15ef04c21a19c334115a7b9fe",
	"SYSLOG_IDENTIFIER" : "systemd",
	"_CAP_EFFECTIVE" : "1ffffffffff",
	"_COMM" : "systemd",
	"MESSAGE_ID" : "7d4958e842da4a758f6c1cdc7b36dcc5",
	"SYSLOG_FACILITY" : "3",
	"_SYSTEMD_UNIT" : "init.scope"
}
{
	"__REALTIME_TIMESTAMP" : "1690870090761736",
	"_EXE" : "/usr/sbin/sshd",
	"SYSLOG_PID" : "804",
	"__CURSOR" : "s=29d90dfe862f40e8afcab55af609c07d;i=3ee;b=0c14b47805f34c7e94e143ef292e837c;m=1116017;t=601d65f1f0608;x=a78239d1014e1f79",
	"_COMM" : "sshd",
	"_CAP_EFFECTIVE" : "1ffffffffff",
	"_CMDLINE" : "/usr/sbin/sshd -D",
	"SYSLOG_IDENTIFIER" : "sshd",
	"SYSLOG_FACILITY" : "4",
	"_TRANSPORT" : "syslog",
	"_SELINUX_CONTEXT" : "unconfined\n",
	"_SYSTEMD_CGROUP" : "/system.slice/ssh.service",
	"SYSLOG_TIMESTAMP" : "Aug  1 06:08:10 ",
	"PRIORITY" : "6",
	"_GID" : "0",
	"_HOSTNAME" : "restu",
	"_SYSTEMD_INVOCATION_ID" : "26c774d4c0624ba4ba20a4105c09e980",
	"_SOURCE_REALTIME_TIMESTAMP" : "1690870090761722",
	"_UID" : "0",
	"__MONOTONIC_TIMESTAMP" : "17915927",
	"_PID" : "804",
	"_SYSTEMD_SLICE" : "system.slice",
	"MESSAGE" : "Server listening on 0.0.0.0 port 22.",
	"_SYSTEMD_UNIT" : "ssh.service",
	"_BOOT_ID" : "0c14b47805f34c7e94e143ef292e837c",
	"_MACHINE_ID" : "b2759cf15ef04c21a19c334115a7b9fe"
}
{
	"__CURSOR" : "s=29d90dfe862f40e8afcab55af609c07d;i=3ef;b=0c14b47805f34c7e94e143ef292e837c;m=1117a1f;t=601d65f1f200f;x=9e535d5f7640d1bf",
	"__REALTIME_TIMESTAMP" : "1690870090768399",
	"_SYSTEMD_CGROUP" : "/system.slice/ssh.service",
	"_SOURCE_REALTIME_TIMESTAMP" : "1690870090768382",
	"__MONOTONIC_TIMESTAMP" : "17922591",
	"_HOSTNAME" : "restu",
	"_UID" : "0",
	"SYSLOG_IDENTIFIER" : "sshd",
	"SYSLOG_TIMESTAMP" : "Aug  1 06:08:10 ",
	"PRIORITY" : "6",
	"_SYSTEMD_INVOCATION_ID" : "26c774d4c0624ba4ba20a4105c09e980",
	"_SELINUX_CONTEXT" : "unconfined\n",
	"_GID" : "0",
	"_MACHINE_ID" : "b2759cf15ef04c21a19c334115a7b9fe",
	"_SYSTEMD_UNIT" : "ssh.service",
	"_PID" : "804",
	"_EXE" : "/usr/sbin/sshd",
	"SYSLOG_PID" : "804",
	"_CAP_EFFECTIVE" : "1ffffffffff",
	"_COMM" : "sshd",
	"_TRANSPORT" : "syslog",
	"_SYSTEMD_SLICE" : "system.slice",
	"_CMDLINE" : "/usr/sbin/sshd -D",
	"_BOOT_ID" : "0c14b47805f34c7e94e143ef292e837c",
	"SYSLOG_FACILITY" : "4",
	"MESSAGE" : "Server listening on :: port 22."
}
{
	"_PID" : "1",
	"JOB_ID" : "116",
	"TID" : "1",
	"SYSLOG_IDENTIFIER" : "systemd",
	"__MONOTONIC_TIMESTAMP" : "17923452",
	"_SYSTEMD_UNIT" : "init.scope",
	"_HOSTNAME" : "restu",
	"__REALTIME_TIMESTAMP" : "1690870090769260",
	"SYSLOG_FACILITY" : "3",
	"_MACHINE_ID" : "b2759cf15ef04c21a19c334115a7b9fe",
	"_CMDLINE" : "/sbin/init",
	"__CURSOR" : "s=29d90dfe862f40e8afcab55af609c07d;i=3f0;b=0c14b47805f34c7e94e143ef292e837c;m=1117d7c;t=601d65f1f236c;x=8e49008f9b43ae38",
	"_SYSTEMD_CGROUP" : "/init.scope",
	"_CAP_EFFECTIVE" : "1ffffffffff",
	"CODE_FILE" : "src/core/job.c",
	"MESSAGE" : "Started OpenBSD Secure Shell server.",
	"CODE_FUNC" : "job_emit_done_message",
	"JOB_RESULT" : "done",
	"_UID" : "0",
	"INVOCATION_ID" : "26c774d4c0624ba4ba20a4105c09e980",
	"UNIT" : "ssh.service",
	"JOB_TYPE" : "start",
	"_SYSTEMD_SLICE" : "-.slice",
	"_SELINUX_CONTEXT" : "unconfined\n",
	"_EXE" : "/usr/lib/systemd/systemd",
	"_COMM" : "systemd",
	"MESSAGE_ID" : "39f53479d3a045ac8e11786248231fbf",
	"PRIORITY" : "6",
	"_BOOT_ID" : "0c14b47805f34c7e94e143ef292e837c",
	"CODE_LINE" : "713",
	"_GID" : "0",
	"_TRANSPORT" : "journal",
	"_SOURCE_REALTIME_TIMESTAMP" : "1690870090768809"
}
{
	"INVOCATION_ID" : "26c774d4c0624ba4ba20a4105c09e980",
	"_PID" : "1",
	"_EXE" : "/usr/lib/systemd/systemd",
	"_SYSTEMD_UNIT" : "init.scope",
	"_UID" : "0",
	"_MACHINE_ID" : "b2759cf15ef04c21a19c334115a7b9fe",
	"JOB_ID" : "626",
	"_COMM" : "systemd",
	"UNIT" : "ssh.service",
	"MESSAGE_ID" : "de5b426a63be47a7b6ac3eaac82e2f6f",
	"_BOOT_ID" : "0c14b47805f34c7e94e143ef292e837c",
	"__REALTIME_TIMESTAMP" : "1690870104021715",
	"__CURSOR" : "s=29d90dfe862f40e8afcab55af609c07d;i=432;b=0c14b47805f34c7e94e143ef292e837c;m=1dbb4e3;t=601d65fe95ad3;x=5e8733a94a5fb5dd",
	"_SOURCE_REALTIME_TIMESTAMP" : "1690870104020393",
	"SYSLOG_IDENTIFIER" : "systemd",
	"_GID" : "0",
	"_HOSTNAME" : "restu",
	"CODE_LINE" : "557",
	"_SYSTEMD_SLICE" : "-.slice",
	"MESSAGE" : "Stopping OpenBSD Secure Shell server...",
	"_CAP_EFFECTIVE" : "1ffffffffff",
	"_CMDLINE" : "/sbin/init",
	"PRIORITY" : "6",
	"__MONOTONIC_TIMESTAMP" : "31175907",
	"_SELINUX_CONTEXT" : "unconfined\n",
	"CODE_FILE" : "src/core/job.c",
	"JOB_TYPE" : "stop",
	"TID" : "1",
	"SYSLOG_FACILITY" : "3",
	"_TRANSPORT" : "journal",
	"_SYSTEMD_CGROUP" : "/init.scope",
	"CODE_FUNC" : "job_emit_start_message"
}
{
	"SYSLOG_TIMESTAMP" : "Aug  1 06:08:24 ",
	"SYSLOG_FACILITY" : "4",
	"_PID" : "804",
	"SYSLOG_IDENTIFIER" : "sshd",
	"_SYSTEMD_SLICE" : "system.slice",
	"_SYSTEMD_INVOCATION_ID" : "26c774d4c0624ba4ba20a4105c09e980",
	"_GID" : "0",
	"MESSAGE" : "Received signal 15; terminating.",
	"__CURSOR" : "s=29d90dfe862f40e8afcab55af609c07d;i=433;b=0c14b47805f34c7e94e143ef292e837c;m=1dbb620;t=601d65fe95c11;x=79cd941eed0afac4",
	"_CAP_EFFECTIVE" : "1ffffffffff",
	"_HOSTNAME" : "restu",
	"__REALTIME_TIMESTAMP" : "1690870104022033",
	"_COMM" : "sshd",
	"_MACHINE_ID" : "b2759cf15ef04c21a19c334115a7b9fe",
	"_SELINUX_CONTEXT" : "unconfined\n",
	"__MONOTONIC_TIMESTAMP" : "31176224",
	"SYSLOG_PID" : "804",
	"_BOOT_ID" : "0c14b47805f34c7e94e143ef292e837c",
	"_UID" : "0",
	"_SOURCE_REALTIME_TIMESTAMP" : "1690870104020892",
	"_SYSTEMD_UNIT" : "ssh.service",
	"_TRANSPORT" : "syslog",
	"PRIORITY" : "6",
	"_SYSTEMD_CGROUP" : "/system.slice/ssh.service"
}
{
	"_PID" : "1",
	"_SELINUX_CONTEXT" : "unconfined\n",
	"_BOOT_ID" : "0c14b47805f34c7e94e143ef292e837c",
	"PRIORITY" : "6",
	"_GID" : "0",
	"_SYSTEMD_SLICE" : "-.slice",
	"_UID" : "0",
	"MESSAGE_ID" : "7ad2d189f7e94e70a38c781354912448",
	"_TRANSPORT" : "journal",
	"MESSAGE" : "ssh.service: Deactivated successfully.",
	"__CURSOR" : "s=29d90dfe862f40e8afcab55af609c07d;i=434;b=0c14b47805f34c7e94e143ef292e837c;m=1dbc76d;t=601d65fe96d5d;x=acf44673750d38ba",
	"INVOCATION_ID" : "26c774d4c0624ba4ba20a4105c09e980",
	"_COMM" : "systemd",
	"SYSLOG_FACILITY" : "3",
	"CODE_FUNC" : "unit_log_success",
	"__REALTIME_TIMESTAMP" : "1690870104026461",
	"_CMDLINE" : "/sbin/init",
	"_EXE" : "/usr/lib/systemd/systemd",
	"CODE_LINE" : "5553",
	"_SYSTEMD_UNIT" : "init.scope",
	"TID" : "1",
	"UNIT" : "ssh.service",
	"_SYSTEMD_CGROUP" : "/init.scope",
	"_CAP_EFFECTIVE" : "1ffffffffff",
	"__MONOTONIC_TIMESTAMP" : "31180653",
	"CODE_FILE" : "src/core/unit.c",
	"_HOSTNAME" : "restu",
	"_MACHINE_ID" : "b2759cf15ef04c21a19c334115a7b9fe",
	"_SOURCE_REALTIME_TIMESTAMP" : "1690870104022550",
	"SYSLOG_IDENTIFIER" : "systemd"
}
{
	"__MONOTONIC_TIMESTAMP" : "31180750",
	"_HOSTNAME" : "restu",
	"CODE_LINE" : "713",
	"_CAP_EFFECTIVE" : "1ffffffffff",
	"JOB_TYPE" : "restart",
	"MESSAGE" : "Stopped OpenBSD Secure Shell server.",
	"MESSAGE_ID" : "9d1aaa27d60140bd96365438aad20286",
	"JOB_RESULT" : "done",
	"_GID" : "0",
	"_MACHINE_ID" : "b2759cf15ef04c21a19c334115a7b9fe",
	"_SYSTEMD_CGROUP" : "/init.scope",
	"_EXE" : "/usr/lib/systemd/systemd",
	"_UID" : "0",
	"_PID" : "1",
	"CODE_FUNC" : "job_emit_done_message",
	"SYSLOG_IDENTIFIER" : "systemd",
	"TID" : "1",
	"_COMM" : "systemd",
	"INVOCATION_ID" : "26c774d4c0624ba4ba20a4105c09e980",
	"_TRANSPORT" : "journal",
	"__REALTIME_TIMESTAMP" : "1690870104026558",
	"_SYSTEMD_SLICE" : "-.slice",
	"_SELINUX_CONTEXT" : "unconfined\n",
	"_CMDLINE" : "/sbin/init",
	"JOB_ID" : "626",
	"CODE_FILE" : "src/core/job.c",
	"UNIT" : "ssh.service",
	"PRIORITY" : "6",
	"SYSLOG_FACILITY" : "3",
	"_SOURCE_REALTIME_TIMESTAMP" : "1690870104022814",
	"__CURSOR" : "s=29d90dfe862f40e8afcab55af609c07d;i=435;b=0c14b47805f34c7e94e143ef292e837c;m=1dbc7ce;t=601d65fe96dbe;x=ecafbf4d5d23126c",
	"_SYSTEMD_UNIT" : "init.scope",
	"_BOOT_ID" : "0c14b47805f34c7e94e143ef292e837c"
}
{
	"__CURSOR" : "s=29d90dfe862f40e8afcab55af609c07d;i=436;b=0c14b47805f34c7e94e143ef292e837c;m=1dbc8d2;t=601d65fe96ec3;x=95a6b45698d11624",
	"_CMDLINE" : "/sbin/init",
	"MESSAGE_ID" : "7d4958e842da4a758f6c1cdc7b36dcc5",
	"SYSLOG_IDENTIFIER" : "systemd",
	"JOB_TYPE" : "start",
	"_SOURCE_REALTIME_TIMESTAMP" : "1690870104024421",
	"CODE_FUNC" : "job_emit_start_message",
	"JOB_ID" : "626",
	"INVOCATION_ID" : "0d2cfe1dbee54ae2aab7fbe73ca0773a",
	"PRIORITY" : "6",
	"__MONOTONIC_TIMESTAMP" : "31181010",
	"_SELINUX_CONTEXT" : "unconfined\n",
	"TID" : "1",
	"UNIT" : "ssh.service",
	"_SYSTEMD_CGROUP" : "/init.scope",
	"_CAP_EFFECTIVE" : "1ffffffffff",
	"_UID" : "0",
	"_EXE" : "/usr/lib/systemd/systemd",
	"_TRANSPORT" : "journal",
	"_SYSTEMD_SLICE" : "-.slice",
	"CODE_LINE" : "557",
	"_GID" : "0",
	"__REALTIME_TIMESTAMP" : "1690870104026819",
	"_SYSTEMD_UNIT" : "init.scope",
	"SYSLOG_FACILITY" : "3",
	"MESSAGE" : "Starting OpenBSD Secure Shell server...",
	"_COMM" : "systemd",
	"_BOOT_ID" : "0c14b47805f34c7e94e143ef292e837c",
	"_HOSTNAME" : "restu",
	"_PID" : "1",
	"CODE_FILE" : "src/core/job.c",
	"_MACHINE_ID" : "b2759cf15ef04c21a19c334115a7b9fe"
}
{
	"_SYSTEMD_UNIT" : "ssh.service",
	"_CAP_EFFECTIVE" : "1ffffffffff",
	"PRIORITY" : "6",
	"SYSLOG_PID" : "1282",
	"_EXE" : "/usr/sbin/sshd",
	"_BOOT_ID" : "0c14b47805f34c7e94e143ef292e837c",
	"_MACHINE_ID" : "b2759cf15ef04c21a19c334115a7b9fe",
	"SYSLOG_FACILITY" : "4",
	"__REALTIME_TIMESTAMP" : "1690870104052900",
	"_TRANSPORT" : "syslog",
	"__MONOTONIC_TIMESTAMP" : "31207092",
	"_SELINUX_CONTEXT" : "unconfined\n",
	"SYSLOG_TIMESTAMP" : "Aug  1 06:08:24 ",
	"_SYSTEMD_CGROUP" : "/system.slice/ssh.service",
	"_SYSTEMD_SLICE" : "system.slice",
	"_SYSTEMD_INVOCATION_ID" : "0d2cfe1dbee54ae2aab7fbe73ca0773a",
	"_PID" : "1282",
	"_HOSTNAME" : "restu",
	"_SOURCE_REALTIME_TIMESTAMP" : "1690870104052891",
	"__CURSOR" : "s=29d90dfe862f40e8afcab55af609c07d;i=437;b=0c14b47805f34c7e94e143ef292e837c;m=1dc2eb4;t=601d65fe9d4a4;x=f0e75660038347d4",
	"_GID" : "0",
	"_COMM" : "sshd",
	"SYSLOG_IDENTIFIER" : "sshd",
	"_UID" : "0",
	"MESSAGE" : "Server listening on 0.0.0.0 port 22.",
	"_CMDLINE" : "/usr/sbin/sshd -D"
}
{
	"_TRANSPORT" : "syslog",
	"PRIORITY" : "6",
	"SYSLOG_IDENTIFIER" : "sshd",
	"__CURSOR" : "s=29d90dfe862f40e8afcab55af609c07d;i=438;b=0c14b47805f34c7e94e143ef292e837c;m=1dc3067;t=601d65fe9d657;x=3f5552393bfcd310",
	"_GID" : "0",
	"_EXE" : "/usr/sbin/sshd",
	"_SOURCE_REALTIME_TIMESTAMP" : "1690870104053327",
	"SYSLOG_FACILITY" : "4",
	"_SYSTEMD_INVOCATION_ID" : "0d2cfe1dbee54ae2aab7fbe73ca0773a",
	"_MACHINE_ID" : "b2759cf15ef04c21a19c334115a7b9fe",
	"_UID" : "0",
	"_COMM" : "sshd",
	"_SYSTEMD_CGROUP" : "/system.slice/ssh.service",
	"SYSLOG_PID" : "1282",
	"_SELINUX_CONTEXT" : "unconfined\n",
	"__MONOTONIC_TIMESTAMP" : "31207527",
	"_BOOT_ID" : "0c14b47805f34c7e94e143ef292e837c",
	"_SYSTEMD_UNIT" : "ssh.service",
	"SYSLOG_TIMESTAMP" : "Aug  1 06:08:24 ",
	"_CAP_EFFECTIVE" : "1ffffffffff",
	"MESSAGE" : "Server listening on :: port 22.",
	"_CMDLINE" : "/usr/sbin/sshd -D",
	"__REALTIME_TIMESTAMP" : "1690870104053335",
	"_HOSTNAME" : "restu",
	"_SYSTEMD_SLICE" : "system.slice",
	"_PID" : "1282"
}
{
	"_UID" : "0",
	"MESSAGE_ID" : "39f53479d3a045ac8e11786248231fbf",
	"SYSLOG_IDENTIFIER" : "systemd",
	"_TRANSPORT" : "journal",
	"_SYSTEMD_SLICE" : "-.slice",
	"CODE_FUNC" : "job_emit_done_message",
	"_BOOT_ID" : "0c14b47805f34c7e94e143ef292e837c",
	"_GID" : "0",
	"MESSAGE" : "Started OpenBSD Secure Shell server.",
	"_COMM" : "systemd",
	"_SOURCE_REALTIME_TIMESTAMP" : "1690870104053625",
	"SYSLOG_FACILITY" : "3",
	"JOB_TYPE" : "start",
	"TID" : "1",
	"_MACHINE_ID" : "b2759cf15ef04c21a19c334115a7b9fe",
	"_CMDLINE" : "/sbin/init",
	"_SYSTEMD_CGROUP" : "/init.scope",
	"_SYSTEMD_UNIT" : "init.scope",
	"_EXE" : "/usr/lib/systemd/systemd",
	"JOB_ID" : "626",
	"CODE_FILE" : "src/core/job.c",
	"_SELINUX_CONTEXT" : "unconfined\n",
	"_HOSTNAME" : "restu",
	"_PID" : "1",
	"UNIT" : "ssh.service",
	"_CAP_EFFECTIVE" : "1ffffffffff",
	"__CURSOR" : "s=29d90dfe862f40e8afcab55af609c07d;i=439;b=0c14b47805f34c7e94e143ef292e837c;m=1dc4119;t=601d65fe9e709;x=ad218213b800d2cc",
	"CODE_LINE" : "713",
	"JOB_RESULT" : "done",
	"PRIORITY" : "6",
	"__REALTIME_TIMESTAMP" : "1690870104057609",
	"INVOCATION_ID" : "0d2cfe1dbee54ae2aab7fbe73ca0773a",
	"__MONOTONIC_TIMESTAMP" : "31211801"
}
{
	"_SYSTEMD_INVOCATION_ID" : "0d2cfe1dbee54ae2aab7fbe73ca0773a",
	"SYSLOG_IDENTIFIER" : "sshd",
	"_GID" : "0",
	"_BOOT_ID" : "0c14b47805f34c7e94e143ef292e837c",
	"MESSAGE" : "Accepted password for dicoding from 127.0.0.1 port 45910 ssh2",
	"_TRANSPORT" : "syslog",
	"_SOURCE_REALTIME_TIMESTAMP" : "1690870253316653",
	"PRIORITY" : "6",
	"_SYSTEMD_SLICE" : "system.slice",
	"_PID" : "1462",
	"SYSLOG_FACILITY" : "4",
	"__MONOTONIC_TIMESTAMP" : "180470871",
	"_UID" : "0",
	"_CAP_EFFECTIVE" : "1ffffffffff",
	"_CMDLINE" : "\"sshd: dicoding [priv]\"",
	"_SYSTEMD_CGROUP" : "/system.slice/ssh.service",
	"_HOSTNAME" : "restu",
	"SYSLOG_TIMESTAMP" : "Aug  1 06:10:53 ",
	"_MACHINE_ID" : "b2759cf15ef04c21a19c334115a7b9fe",
	"_SELINUX_CONTEXT" : "unconfined\n",
	"_COMM" : "sshd",
	"SYSLOG_PID" : "1462",
	"__REALTIME_TIMESTAMP" : "1690870253316679",
	"_EXE" : "/usr/sbin/sshd",
	"__CURSOR" : "s=29d90dfe862f40e8afcab55af609c07d;i=47d;b=0c14b47805f34c7e94e143ef292e837c;m=ac1c457;t=601d668cf6a47;x=85b8df69995d7820",
	"_SYSTEMD_UNIT" : "ssh.service"
}
{
	"SYSLOG_FACILITY" : "10",
	"_SYSTEMD_CGROUP" : "/system.slice/ssh.service",
	"_SYSTEMD_INVOCATION_ID" : "0d2cfe1dbee54ae2aab7fbe73ca0773a",
	"_SYSTEMD_SLICE" : "system.slice",
	"SYSLOG_TIMESTAMP" : "Aug  1 06:10:53 ",
	"PRIORITY" : "6",
	"_PID" : "1462",
	"__CURSOR" : "s=29d90dfe862f40e8afcab55af609c07d;i=47e;b=0c14b47805f34c7e94e143ef292e837c;m=ac1cac5;t=601d668cf70b5;x=74d3b48c5cec82ae",
	"_CMDLINE" : "\"sshd: dicoding [priv]\"",
	"_COMM" : "sshd",
	"_SYSTEMD_UNIT" : "ssh.service",
	"__REALTIME_TIMESTAMP" : "1690870253318325",
	"_SOURCE_REALTIME_TIMESTAMP" : "1690870253318317",
	"_EXE" : "/usr/sbin/sshd",
	"MESSAGE" : "pam_unix(sshd:session): session opened for user dicoding(uid=1001) by (uid=0)",
	"_BOOT_ID" : "0c14b47805f34c7e94e143ef292e837c",
	"_HOSTNAME" : "restu",
	"_TRANSPORT" : "syslog",
	"__MONOTONIC_TIMESTAMP" : "180472517",
	"_GID" : "0",
	"SYSLOG_PID" : "1462",
	"SYSLOG_IDENTIFIER" : "sshd",
	"_SELINUX_CONTEXT" : "unconfined\n",
	"_MACHINE_ID" : "b2759cf15ef04c21a19c334115a7b9fe",
	"_UID" : "0",
	"_CAP_EFFECTIVE" : "1ffffffffff"
}
{
	"SYSLOG_IDENTIFIER" : "sshd",
	"SYSLOG_FACILITY" : "4",
	"__REALTIME_TIMESTAMP" : "1690870366263282",
	"_CMDLINE" : "\"sshd: dicoding [priv]\"",
	"SYSLOG_TIMESTAMP" : "Aug  1 06:12:46 ",
	"_HOSTNAME" : "restu",
	"MESSAGE" : "Connection closed by authenticating user dicoding 127.0.0.1 port 59304 [preauth]",
	"_GID" : "0",
	"PRIORITY" : "6",
	"__MONOTONIC_TIMESTAMP" : "293417474",
	"_SYSTEMD_INVOCATION_ID" : "0d2cfe1dbee54ae2aab7fbe73ca0773a",
	"_SOURCE_REALTIME_TIMESTAMP" : "1690870366263266",
	"_CAP_EFFECTIVE" : "1ffffffffff",
	"_MACHINE_ID" : "b2759cf15ef04c21a19c334115a7b9fe",
	"_BOOT_ID" : "0c14b47805f34c7e94e143ef292e837c",
	"_UID" : "0",
	"_TRANSPORT" : "syslog",
	"_SYSTEMD_CGROUP" : "/system.slice/ssh.service",
	"_SYSTEMD_SLICE" : "system.slice",
	"SYSLOG_PID" : "1605",
	"_EXE" : "/usr/sbin/sshd",
	"__CURSOR" : "s=29d90dfe862f40e8afcab55af609c07d;i=4bd;b=0c14b47805f34c7e94e143ef292e837c;m=117d3202;t=601d66f8ad7f2;x=f8911d97aad81cbf",
	"_SYSTEMD_UNIT" : "ssh.service",
	"_PID" : "1605",
	"_SELINUX_CONTEXT" : "unconfined\n",
	"_COMM" : "sshd"
}
{
	"_CAP_EFFECTIVE" : "1ffffffffff",
	"__MONOTONIC_TIMESTAMP" : "293521105",
	"_GID" : "0",
	"SYSLOG_PID" : "1612",
	"__CURSOR" : "s=29d90dfe862f40e8afcab55af609c07d;i=4be;b=0c14b47805f34c7e94e143ef292e837c;m=117ec6d1;t=601d66f8c6cc2;x=d5e24b9d4012ad25",
	"_SYSTEMD_UNIT" : "ssh.service",
	"SYSLOG_FACILITY" : "4",
	"MESSAGE" : "Connection closed by authenticating user dicoding 127.0.0.1 port 59314 [preauth]",
	"_HOSTNAME" : "restu",
	"_COMM" : "sshd",
	"_SYSTEMD_CGROUP" : "/system.slice/ssh.service",
	"_TRANSPORT" : "syslog",
	"_SYSTEMD_INVOCATION_ID" : "0d2cfe1dbee54ae2aab7fbe73ca0773a",
	"_CMDLINE" : "\"sshd: dicoding [priv]\"",
	"_EXE" : "/usr/sbin/sshd",
	"_SOURCE_REALTIME_TIMESTAMP" : "1690870366366899",
	"_SELINUX_CONTEXT" : "unconfined\n",
	"SYSLOG_TIMESTAMP" : "Aug  1 06:12:46 ",
	"SYSLOG_IDENTIFIER" : "sshd",
	"PRIORITY" : "6",
	"_UID" : "0",
	"_MACHINE_ID" : "b2759cf15ef04c21a19c334115a7b9fe",
	"_BOOT_ID" : "0c14b47805f34c7e94e143ef292e837c",
	"__REALTIME_TIMESTAMP" : "1690870366366914",
	"_PID" : "1612",
	"_SYSTEMD_SLICE" : "system.slice"
}
{
	"SYSLOG_PID" : "1625",
	"_UID" : "0",
	"_SYSTEMD_SLICE" : "system.slice",
	"_CAP_EFFECTIVE" : "1ffffffffff",
	"_TRANSPORT" : "syslog",
	"__CURSOR" : "s=29d90dfe862f40e8afcab55af609c07d;i=4bf;b=0c14b47805f34c7e94e143ef292e837c;m=11d7c3fb;t=601d66fe569eb;x=a1ffa0042c88b7ea",
	"_SYSTEMD_CGROUP" : "/system.slice/ssh.service",
	"__REALTIME_TIMESTAMP" : "1690870372198891",
	"PRIORITY" : "6",
	"_CMDLINE" : "\"sshd: dicoding [priv]\"",
	"_BOOT_ID" : "0c14b47805f34c7e94e143ef292e837c",
	"_SYSTEMD_UNIT" : "ssh.service",
	"_SELINUX_CONTEXT" : "unconfined\n",
	"_GID" : "0",
	"_PID" : "1625",
	"_HOSTNAME" : "restu",
	"SYSLOG_IDENTIFIER" : "sshd",
	"_MACHINE_ID" : "b2759cf15ef04c21a19c334115a7b9fe",
	"_SYSTEMD_INVOCATION_ID" : "0d2cfe1dbee54ae2aab7fbe73ca0773a",
	"_SOURCE_REALTIME_TIMESTAMP" : "1690870372198872",
	"_EXE" : "/usr/sbin/sshd",
	"_COMM" : "sshd",
	"SYSLOG_TIMESTAMP" : "Aug  1 06:12:52 ",
	"SYSLOG_FACILITY" : "4",
	"__MONOTONIC_TIMESTAMP" : "299353083",
	"MESSAGE" : "Connection closed by authenticating user dicoding 127.0.0.1 port 59318 [preauth]"
}
{
	"_SELINUX_CONTEXT" : "unconfined\n",
	"_EXE" : "/usr/sbin/sshd",
	"__REALTIME_TIMESTAMP" : "1690870376358346",
	"_HOSTNAME" : "restu",
	"_SYSTEMD_CGROUP" : "/system.slice/ssh.service",
	"PRIORITY" : "6",
	"__MONOTONIC_TIMESTAMP" : "303512538",
	"_BOOT_ID" : "0c14b47805f34c7e94e143ef292e837c",
	"_SYSTEMD_INVOCATION_ID" : "0d2cfe1dbee54ae2aab7fbe73ca0773a",
	"_CMDLINE" : "\"sshd: dicoding [priv]\"",
	"_MACHINE_ID" : "b2759cf15ef04c21a19c334115a7b9fe",
	"_GID" : "0",
	"_CAP_EFFECTIVE" : "1ffffffffff",
	"_SOURCE_REALTIME_TIMESTAMP" : "1690870376358330",
	"__CURSOR" : "s=29d90dfe862f40e8afcab55af609c07d;i=4c0;b=0c14b47805f34c7e94e143ef292e837c;m=12173bda;t=601d67024e1ca;x=e2e523f252c36275",
	"SYSLOG_PID" : "1651",
	"SYSLOG_IDENTIFIER" : "sshd",
	"_SYSTEMD_UNIT" : "ssh.service",
	"_TRANSPORT" : "syslog",
	"SYSLOG_TIMESTAMP" : "Aug  1 06:12:56 ",
	"_PID" : "1651",
	"_SYSTEMD_SLICE" : "system.slice",
	"_UID" : "0",
	"SYSLOG_FACILITY" : "4",
	"MESSAGE" : "Connection closed by authenticating user dicoding 127.0.0.1 port 37928 [preauth]",
	"_COMM" : "sshd"
}
{
	"_BOOT_ID" : "0c14b47805f34c7e94e143ef292e837c",
	"_CMDLINE" : "\"sshd: dicoding [priv]\"",
	"_TRANSPORT" : "syslog",
	"PRIORITY" : "6",
	"_SELINUX_CONTEXT" : "unconfined\n",
	"__REALTIME_TIMESTAMP" : "1690870376458629",
	"_HOSTNAME" : "restu",
	"_SYSTEMD_UNIT" : "ssh.service",
	"_SOURCE_REALTIME_TIMESTAMP" : "1690870376458615",
	"_CAP_EFFECTIVE" : "1ffffffffff",
	"_EXE" : "/usr/sbin/sshd",
	"_SYSTEMD_SLICE" : "system.slice",
	"_SYSTEMD_INVOCATION_ID" : "0d2cfe1dbee54ae2aab7fbe73ca0773a",
	"MESSAGE" : "Connection closed by authenticating user dicoding 127.0.0.1 port 37934 [preauth]",
	"_UID" : "0",
	"__CURSOR" : "s=29d90dfe862f40e8afcab55af609c07d;i=4c1;b=0c14b47805f34c7e94e143ef292e837c;m=1218c394;t=601d670266985;x=39b7dc0147206e6f",
	"_PID" : "1658",
	"SYSLOG_PID" : "1658",
	"__MONOTONIC_TIMESTAMP" : "303612820",
	"_COMM" : "sshd",
	"_SYSTEMD_CGROUP" : "/system.slice/ssh.service",
	"_GID" : "0",
	"SYSLOG_IDENTIFIER" : "sshd",
	"SYSLOG_FACILITY" : "4",
	"SYSLOG_TIMESTAMP" : "Aug  1 06:12:56 ",
	"_MACHINE_ID" : "b2759cf15ef04c21a19c334115a7b9fe"
}
{
	"SYSLOG_IDENTIFIER" : "sshd",
	"SYSLOG_FACILITY" : "4",
	"_SOURCE_REALTIME_TIMESTAMP" : "1690870380303732",
	"MESSAGE" : "Accepted password for dicoding from 127.0.0.1 port 37936 ssh2",
	"_UID" : "0",
	"__CURSOR" : "s=29d90dfe862f40e8afcab55af609c07d;i=4c3;b=0c14b47805f34c7e94e143ef292e837c;m=12536f8d;t=601d67061157d;x=4a5d7def685a16ff",
	"SYSLOG_TIMESTAMP" : "Aug  1 06:13:00 ",
	"PRIORITY" : "6",
	"__REALTIME_TIMESTAMP" : "1690870380303741",
	"_PID" : "1671",
	"__MONOTONIC_TIMESTAMP" : "307457933",
	"_TRANSPORT" : "syslog",
	"_HOSTNAME" : "restu",
	"_SYSTEMD_UNIT" : "ssh.service",
	"_CMDLINE" : "\"sshd: dicoding [priv]\"",
	"_EXE" : "/usr/sbin/sshd",
	"SYSLOG_PID" : "1671",
	"_SYSTEMD_SLICE" : "system.slice",
	"_CAP_EFFECTIVE" : "1ffffffffff",
	"_SYSTEMD_INVOCATION_ID" : "0d2cfe1dbee54ae2aab7fbe73ca0773a",
	"_MACHINE_ID" : "b2759cf15ef04c21a19c334115a7b9fe",
	"_SELINUX_CONTEXT" : "unconfined\n",
	"_GID" : "0",
	"_COMM" : "sshd",
	"_BOOT_ID" : "0c14b47805f34c7e94e143ef292e837c",
	"_SYSTEMD_CGROUP" : "/system.slice/ssh.service"
}
{
	"_GID" : "0",
	"_PID" : "1671",
	"SYSLOG_TIMESTAMP" : "Aug  1 06:13:00 ",
	"__CURSOR" : "s=29d90dfe862f40e8afcab55af609c07d;i=4c4;b=0c14b47805f34c7e94e143ef292e837c;m=12539f8a;t=601d67061457a;x=61249e35260a3d7b",
	"_TRANSPORT" : "syslog",
	"_CMDLINE" : "\"sshd: dicoding [priv]\"",
	"_UID" : "0",
	"_HOSTNAME" : "restu",
	"_SYSTEMD_SLICE" : "system.slice",
	"__REALTIME_TIMESTAMP" : "1690870380316026",
	"_SYSTEMD_UNIT" : "ssh.service",
	"MESSAGE" : "pam_unix(sshd:session): session opened for user dicoding(uid=1001) by (uid=0)",
	"_CAP_EFFECTIVE" : "1ffffffffff",
	"PRIORITY" : "6",
	"_SOURCE_REALTIME_TIMESTAMP" : "1690870380316012",
	"_BOOT_ID" : "0c14b47805f34c7e94e143ef292e837c",
	"_SELINUX_CONTEXT" : "unconfined\n",
	"_SYSTEMD_INVOCATION_ID" : "0d2cfe1dbee54ae2aab7fbe73ca0773a",
	"SYSLOG_FACILITY" : "10",
	"_EXE" : "/usr/sbin/sshd",
	"_MACHINE_ID" : "b2759cf15ef04c21a19c334115a7b9fe",
	"_SYSTEMD_CGROUP" : "/system.slice/ssh.service",
	"__MONOTONIC_TIMESTAMP" : "307470218",
	"_COMM" : "sshd",
	"SYSLOG_IDENTIFIER" : "sshd",
	"SYSLOG_PID" : "1671"
}
{
	"SYSLOG_IDENTIFIER" : "sshd",
	"SYSLOG_FACILITY" : "10",
	"_BOOT_ID" : "0c14b47805f34c7e94e143ef292e837c",
	"_PID" : "1671",
	"_GID" : "0",
	"_UID" : "0",
	"SYSLOG_PID" : "1671",
	"_HOSTNAME" : "restu",
	"_CAP_EFFECTIVE" : "1ffffffffff",
	"_CMDLINE" : "\"sshd: dicoding [priv]\"",
	"__REALTIME_TIMESTAMP" : "1690870381175275",
	"_EXE" : "/usr/sbin/sshd",
	"_SOURCE_REALTIME_TIMESTAMP" : "1690870381175266",
	"_COMM" : "sshd",
	"__MONOTONIC_TIMESTAMP" : "308329467",
	"_SYSTEMD_INVOCATION_ID" : "0d2cfe1dbee54ae2aab7fbe73ca0773a",
	"PRIORITY" : "6",
	"__CURSOR" : "s=29d90dfe862f40e8afcab55af609c07d;i=4e2;b=0c14b47805f34c7e94e143ef292e837c;m=1260bbfb;t=601d6706e61eb;x=85d389091dbdd52d",
	"_SYSTEMD_UNIT" : "ssh.service",
	"_SYSTEMD_SLICE" : "system.slice",
	"MESSAGE" : "pam_unix(sshd:session): session closed for user dicoding",
	"_TRANSPORT" : "syslog",
	"_SYSTEMD_CGROUP" : "/system.slice/ssh.service",
	"_SELINUX_CONTEXT" : "unconfined\n",
	"_MACHINE_ID" : "b2759cf15ef04c21a19c334115a7b9fe",
	"SYSLOG_TIMESTAMP" : "Aug  1 06:13:01 "
}
{
	"__MONOTONIC_TIMESTAMP" : "439174887",
	"MESSAGE" : "Received signal 15; terminating.",
	"_GID" : "0",
	"SYSLOG_IDENTIFIER" : "sshd",
	"_COMM" : "sshd",
	"_UID" : "0",
	"PRIORITY" : "6",
	"SYSLOG_FACILITY" : "4",
	"_BOOT_ID" : "0c14b47805f34c7e94e143ef292e837c",
	"_SYSTEMD_UNIT" : "ssh.service",
	"_TRANSPORT" : "syslog",
	"_SYSTEMD_SLICE" : "system.slice",
	"_SYSTEMD_INVOCATION_ID" : "0d2cfe1dbee54ae2aab7fbe73ca0773a",
	"_CAP_EFFECTIVE" : "1ffffffffff",
	"SYSLOG_PID" : "1282",
	"_SOURCE_REALTIME_TIMESTAMP" : "1690870512019581",
	"_PID" : "1282",
	"_SYSTEMD_CGROUP" : "/system.slice/ssh.service",
	"__REALTIME_TIMESTAMP" : "1690870512020695",
	"__CURSOR" : "s=29d90dfe862f40e8afcab55af609c07d;i=512;b=0c14b47805f34c7e94e143ef292e837c;m=1a2d46e7;t=601d6783aecd7;x=ac0958702f8107f9",
	"_HOSTNAME" : "restu",
	"SYSLOG_TIMESTAMP" : "Aug  1 06:15:12 ",
	"_MACHINE_ID" : "b2759cf15ef04c21a19c334115a7b9fe",
	"_SELINUX_CONTEXT" : "unconfined\n"
}
{
	"_SYSTEMD_SLICE" : "-.slice",
	"CODE_FILE" : "src/core/job.c",
	"MESSAGE_ID" : "de5b426a63be47a7b6ac3eaac82e2f6f",
	"PRIORITY" : "6",
	"SYSLOG_IDENTIFIER" : "systemd",
	"_HOSTNAME" : "restu",
	"TID" : "1",
	"SYSLOG_FACILITY" : "3",
	"_PID" : "1",
	"_EXE" : "/usr/lib/systemd/systemd",
	"JOB_ID" : "1660",
	"_SELINUX_CONTEXT" : "unconfined\n",
	"_COMM" : "systemd",
	"UNIT" : "ssh.service",
	"__REALTIME_TIMESTAMP" : "1690870512022149",
	"_SYSTEMD_UNIT" : "init.scope",
	"_BOOT_ID" : "0c14b47805f34c7e94e143ef292e837c",
	"_MACHINE_ID" : "b2759cf15ef04c21a19c334115a7b9fe",
	"_SOURCE_REALTIME_TIMESTAMP" : "1690870512021302",
	"_UID" : "0",
	"_CAP_EFFECTIVE" : "1ffffffffff",
	"CODE_FUNC" : "job_emit_start_message",
	"_TRANSPORT" : "journal",
	"_GID" : "0",
	"__MONOTONIC_TIMESTAMP" : "439176340",
	"INVOCATION_ID" : "0d2cfe1dbee54ae2aab7fbe73ca0773a",
	"JOB_TYPE" : "stop",
	"__CURSOR" : "s=29d90dfe862f40e8afcab55af609c07d;i=513;b=0c14b47805f34c7e94e143ef292e837c;m=1a2d4c94;t=601d6783af285;x=9156768b7b5bdfbb",
	"_CMDLINE" : "/sbin/init",
	"_SYSTEMD_CGROUP" : "/init.scope",
	"MESSAGE" : "Stopping OpenBSD Secure Shell server...",
	"CODE_LINE" : "557"
}
{
	"_COMM" : "systemd",
	"_SOURCE_REALTIME_TIMESTAMP" : "1690870512021581",
	"CODE_LINE" : "5553",
	"_TRANSPORT" : "journal",
	"UNIT" : "ssh.service",
	"_SYSTEMD_SLICE" : "-.slice",
	"TID" : "1",
	"_CAP_EFFECTIVE" : "1ffffffffff",
	"_PID" : "1",
	"__REALTIME_TIMESTAMP" : "1690870512022435",
	"__MONOTONIC_TIMESTAMP" : "439176626",
	"CODE_FUNC" : "unit_log_success",
	"_BOOT_ID" : "0c14b47805f34c7e94e143ef292e837c",
	"_GID" : "0",
	"_CMDLINE" : "/sbin/init",
	"MESSAGE" : "ssh.service: Deactivated successfully.",
	"SYSLOG_IDENTIFIER" : "systemd",
	"_UID" : "0",
	"_SELINUX_CONTEXT" : "unconfined\n",
	"_MACHINE_ID" : "b2759cf15ef04c21a19c334115a7b9fe",
	"_SYSTEMD_CGROUP" : "/init.scope",
	"__CURSOR" : "s=29d90dfe862f40e8afcab55af609c07d;i=514;b=0c14b47805f34c7e94e143ef292e837c;m=1a2d4db2;t=601d6783af3a3;x=f4681784e8c89084",
	"MESSAGE_ID" : "7ad2d189f7e94e70a38c781354912448",
	"PRIORITY" : "6",
	"INVOCATION_ID" : "0d2cfe1dbee54ae2aab7fbe73ca0773a",
	"_HOSTNAME" : "restu",
	"_SYSTEMD_UNIT" : "init.scope",
	"CODE_FILE" : "src/core/unit.c",
	"SYSLOG_FACILITY" : "3",
	"_EXE" : "/usr/lib/systemd/systemd"
}
{
	"_UID" : "0",
	"JOB_RESULT" : "done",
	"TID" : "1",
	"MESSAGE" : "Stopped OpenBSD Secure Shell server.",
	"JOB_ID" : "1660",
	"_HOSTNAME" : "restu",
	"_SELINUX_CONTEXT" : "unconfined\n",
	"__MONOTONIC_TIMESTAMP" : "439178073",
	"CODE_FILE" : "src/core/job.c",
	"__CURSOR" : "s=29d90dfe862f40e8afcab55af609c07d;i=515;b=0c14b47805f34c7e94e143ef292e837c;m=1a2d5359;t=601d6783af949;x=c02b4d5802df7ac6",
	"_EXE" : "/usr/lib/systemd/systemd",
	"_SYSTEMD_SLICE" : "-.slice",
	"_BOOT_ID" : "0c14b47805f34c7e94e143ef292e837c",
	"SYSLOG_FACILITY" : "3",
	"_CAP_EFFECTIVE" : "1ffffffffff",
	"_GID" : "0",
	"_TRANSPORT" : "journal",
	"__REALTIME_TIMESTAMP" : "1690870512023881",
	"_PID" : "1",
	"_CMDLINE" : "/sbin/init",
	"_COMM" : "systemd",
	"SYSLOG_IDENTIFIER" : "systemd",
	"_MACHINE_ID" : "b2759cf15ef04c21a19c334115a7b9fe",
	"PRIORITY" : "6",
	"JOB_TYPE" : "restart",
	"INVOCATION_ID" : "0d2cfe1dbee54ae2aab7fbe73ca0773a",
	"_SOURCE_REALTIME_TIMESTAMP" : "1690870512022571",
	"MESSAGE_ID" : "9d1aaa27d60140bd96365438aad20286",
	"CODE_FUNC" : "job_emit_done_message",
	"UNIT" : "ssh.service",
	"CODE_LINE" : "713",
	"_SYSTEMD_UNIT" : "init.scope",
	"_SYSTEMD_CGROUP" : "/init.scope"
}
{
	"CODE_LINE" : "557",
	"UNIT" : "ssh.service",
	"__MONOTONIC_TIMESTAMP" : "439192522",
	"_MACHINE_ID" : "b2759cf15ef04c21a19c334115a7b9fe",
	"_SYSTEMD_UNIT" : "init.scope",
	"JOB_ID" : "1660",
	"__CURSOR" : "s=29d90dfe862f40e8afcab55af609c07d;i=516;b=0c14b47805f34c7e94e143ef292e837c;m=1a2d8bca;t=601d6783b31bb;x=33c0d81c24f20969",
	"_EXE" : "/usr/lib/systemd/systemd",
	"JOB_TYPE" : "start",
	"SYSLOG_IDENTIFIER" : "systemd",
	"_PID" : "1",
	"MESSAGE" : "Starting OpenBSD Secure Shell server...",
	"_CAP_EFFECTIVE" : "1ffffffffff",
	"PRIORITY" : "6",
	"_SELINUX_CONTEXT" : "unconfined\n",
	"MESSAGE_ID" : "7d4958e842da4a758f6c1cdc7b36dcc5",
	"CODE_FUNC" : "job_emit_start_message",
	"_UID" : "0",
	"_GID" : "0",
	"TID" : "1",
	"_COMM" : "systemd",
	"_SOURCE_REALTIME_TIMESTAMP" : "1690870512031830",
	"_SYSTEMD_SLICE" : "-.slice",
	"_SYSTEMD_CGROUP" : "/init.scope",
	"_TRANSPORT" : "journal",
	"__REALTIME_TIMESTAMP" : "1690870512038331",
	"_HOSTNAME" : "restu",
	"_BOOT_ID" : "0c14b47805f34c7e94e143ef292e837c",
	"INVOCATION_ID" : "547c41a40a2b4d7aa6991126f72d52b7",
	"_CMDLINE" : "/sbin/init",
	"SYSLOG_FACILITY" : "3",
	"CODE_FILE" : "src/core/job.c"
}
{
	"_UID" : "0",
	"_CAP_EFFECTIVE" : "1ffffffffff",
	"__MONOTONIC_TIMESTAMP" : "439215132",
	"__REALTIME_TIMESTAMP" : "1690870512060940",
	"_SYSTEMD_SLICE" : "system.slice",
	"SYSLOG_IDENTIFIER" : "sshd",
	"_CMDLINE" : "/usr/sbin/sshd -D",
	"PRIORITY" : "6",
	"__CURSOR" : "s=29d90dfe862f40e8afcab55af609c07d;i=517;b=0c14b47805f34c7e94e143ef292e837c;m=1a2de41c;t=601d6783b8a0c;x=4561c468749b5bbd",
	"_SELINUX_CONTEXT" : "unconfined\n",
	"MESSAGE" : "Server listening on 0.0.0.0 port 22.",
	"_TRANSPORT" : "syslog",
	"_SYSTEMD_INVOCATION_ID" : "547c41a40a2b4d7aa6991126f72d52b7",
	"_PID" : "1782",
	"SYSLOG_PID" : "1782",
	"_GID" : "0",
	"_SYSTEMD_CGROUP" : "/system.slice/ssh.service",
	"_BOOT_ID" : "0c14b47805f34c7e94e143ef292e837c",
	"_MACHINE_ID" : "b2759cf15ef04c21a19c334115a7b9fe",
	"_EXE" : "/usr/sbin/sshd",
	"SYSLOG_FACILITY" : "4",
	"_HOSTNAME" : "restu",
	"SYSLOG_TIMESTAMP" : "Aug  1 06:15:12 ",
	"_COMM" : "sshd",
	"_SYSTEMD_UNIT" : "ssh.service",
	"_SOURCE_REALTIME_TIMESTAMP" : "1690870512060927"
}
{
	"MESSAGE" : "Server listening on :: port 22.",
	"_SYSTEMD_SLICE" : "system.slice",
	"_EXE" : "/usr/sbin/sshd",
	"__MONOTONIC_TIMESTAMP" : "439215591",
	"_SYSTEMD_INVOCATION_ID" : "547c41a40a2b4d7aa6991126f72d52b7",
	"__CURSOR" : "s=29d90dfe862f40e8afcab55af609c07d;i=518;b=0c14b47805f34c7e94e143ef292e837c;m=1a2de5e7;t=601d6783b8bd8;x=adc63c6609283eb9",
	"_MACHINE_ID" : "b2759cf15ef04c21a19c334115a7b9fe",
	"_UID" : "0",
	"_TRANSPORT" : "syslog",
	"_PID" : "1782",
	"_SYSTEMD_CGROUP" : "/system.slice/ssh.service",
	"SYSLOG_IDENTIFIER" : "sshd",
	"_GID" : "0",
	"PRIORITY" : "6",
	"SYSLOG_TIMESTAMP" : "Aug  1 06:15:12 ",
	"SYSLOG_PID" : "1782",
	"_COMM" : "sshd",
	"_CAP_EFFECTIVE" : "1ffffffffff",
	"_HOSTNAME" : "restu",
	"_SOURCE_REALTIME_TIMESTAMP" : "1690870512061392",
	"_CMDLINE" : "/usr/sbin/sshd -D",
	"_BOOT_ID" : "0c14b47805f34c7e94e143ef292e837c",
	"SYSLOG_FACILITY" : "4",
	"_SYSTEMD_UNIT" : "ssh.service",
	"__REALTIME_TIMESTAMP" : "1690870512061400",
	"_SELINUX_CONTEXT" : "unconfined\n"
}
{
	"JOB_ID" : "1660",
	"CODE_FUNC" : "job_emit_done_message",
	"CODE_LINE" : "713",
	"MESSAGE" : "Started OpenBSD Secure Shell server.",
	"_SELINUX_CONTEXT" : "unconfined\n",
	"__REALTIME_TIMESTAMP" : "1690870512065472",
	"JOB_RESULT" : "done",
	"_SYSTEMD_SLICE" : "-.slice",
	"_PID" : "1",
	"_SYSTEMD_UNIT" : "init.scope",
	"SYSLOG_IDENTIFIER" : "systemd",
	"_TRANSPORT" : "journal",
	"_CMDLINE" : "/sbin/init",
	"SYSLOG_FACILITY" : "3",
	"INVOCATION_ID" : "547c41a40a2b4d7aa6991126f72d52b7",
	"_EXE" : "/usr/lib/systemd/systemd",
	"_MACHINE_ID" : "b2759cf15ef04c21a19c334115a7b9fe",
	"_GID" : "0",
	"_BOOT_ID" : "0c14b47805f34c7e94e143ef292e837c",
	"_SYSTEMD_CGROUP" : "/init.scope",
	"UNIT" : "ssh.service",
	"PRIORITY" : "6",
	"__CURSOR" : "s=29d90dfe862f40e8afcab55af609c07d;i=519;b=0c14b47805f34c7e94e143ef292e837c;m=1a2df5cf;t=601d6783b9bc0;x=17dde494f3e48b60",
	"_SOURCE_REALTIME_TIMESTAMP" : "1690870512061635",
	"JOB_TYPE" : "start",
	"_HOSTNAME" : "restu",
	"TID" : "1",
	"MESSAGE_ID" : "39f53479d3a045ac8e11786248231fbf",
	"__MONOTONIC_TIMESTAMP" : "439219663",
	"_UID" : "0",
	"_CAP_EFFECTIVE" : "1ffffffffff",
	"CODE_FILE" : "src/core/job.c",
	"_COMM" : "systemd"
}
{
	"_GID" : "0",
	"_PID" : "1784",
	"__CURSOR" : "s=29d90dfe862f40e8afcab55af609c07d;i=51b;b=0c14b47805f34c7e94e143ef292e837c;m=1aa34a1f;t=601d678b0f010;x=ebf084850c00e1d3",
	"_COMM" : "sshd",
	"_SYSTEMD_CGROUP" : "/system.slice/ssh.service",
	"_SYSTEMD_UNIT" : "ssh.service",
	"_MACHINE_ID" : "b2759cf15ef04c21a19c334115a7b9fe",
	"_BOOT_ID" : "0c14b47805f34c7e94e143ef292e837c",
	"_SYSTEMD_INVOCATION_ID" : "547c41a40a2b4d7aa6991126f72d52b7",
	"SYSLOG_FACILITY" : "4",
	"__REALTIME_TIMESTAMP" : "1690870519754768",
	"_SOURCE_REALTIME_TIMESTAMP" : "1690870519754752",
	"SYSLOG_IDENTIFIER" : "sshd",
	"_SYSTEMD_SLICE" : "system.slice",
	"_UID" : "0",
	"SYSLOG_TIMESTAMP" : "Aug  1 06:15:19 ",
	"PRIORITY" : "6",
	"_CMDLINE" : "\"sshd: dicoding [priv]\"",
	"_EXE" : "/usr/sbin/sshd",
	"__MONOTONIC_TIMESTAMP" : "446908959",
	"SYSLOG_PID" : "1784",
	"_TRANSPORT" : "syslog",
	"_HOSTNAME" : "restu",
	"MESSAGE" : "Accepted publickey for dicoding from 127.0.0.1 port 50642 ssh2: RSA SHA256:iN/82b5xwgc85w1uEivOuz2XCiUemK8bV2Jn6Qp8aes",
	"_SELINUX_CONTEXT" : "unconfined\n",
	"_CAP_EFFECTIVE" : "1ffffffffff"
}
{
	"_SOURCE_REALTIME_TIMESTAMP" : "1690870519757469",
	"__REALTIME_TIMESTAMP" : "1690870519757478",
	"__CURSOR" : "s=29d90dfe862f40e8afcab55af609c07d;i=51c;b=0c14b47805f34c7e94e143ef292e837c;m=1aa354b5;t=601d678b0faa6;x=5bbe884066b130df",
	"_GID" : "0",
	"_MACHINE_ID" : "b2759cf15ef04c21a19c334115a7b9fe",
	"_SYSTEMD_SLICE" : "system.slice",
	"__MONOTONIC_TIMESTAMP" : "446911669",
	"MESSAGE" : "pam_unix(sshd:session): session opened for user dicoding(uid=1001) by (uid=0)",
	"_UID" : "0",
	"SYSLOG_TIMESTAMP" : "Aug  1 06:15:19 ",
	"_SYSTEMD_INVOCATION_ID" : "547c41a40a2b4d7aa6991126f72d52b7",
	"SYSLOG_FACILITY" : "10",
	"_EXE" : "/usr/sbin/sshd",
	"_CAP_EFFECTIVE" : "1ffffffffff",
	"_SELINUX_CONTEXT" : "unconfined\n",
	"_HOSTNAME" : "restu",
	"_BOOT_ID" : "0c14b47805f34c7e94e143ef292e837c",
	"SYSLOG_IDENTIFIER" : "sshd",
	"_CMDLINE" : "\"sshd: dicoding [priv]\"",
	"_TRANSPORT" : "syslog",
	"_SYSTEMD_CGROUP" : "/system.slice/ssh.service",
	"_COMM" : "sshd",
	"SYSLOG_PID" : "1784",
	"_PID" : "1784",
	"_SYSTEMD_UNIT" : "ssh.service",
	"PRIORITY" : "6"
}
{
	"_MACHINE_ID" : "b2759cf15ef04c21a19c334115a7b9fe",
	"SYSLOG_IDENTIFIER" : "sshd",
	"_CAP_EFFECTIVE" : "1ffffffffff",
	"_SYSTEMD_INVOCATION_ID" : "547c41a40a2b4d7aa6991126f72d52b7",
	"__CURSOR" : "s=29d90dfe862f40e8afcab55af609c07d;i=55a;b=0c14b47805f34c7e94e143ef292e837c;m=1dbf22eb;t=601d67bccc8db;x=8e98dbbec1ac576",
	"SYSLOG_FACILITY" : "4",
	"_SYSTEMD_UNIT" : "ssh.service",
	"__REALTIME_TIMESTAMP" : "1690870571911387",
	"_TRANSPORT" : "syslog",
	"MESSAGE" : "Received signal 15; terminating.",
	"_COMM" : "sshd",
	"__MONOTONIC_TIMESTAMP" : "499065579",
	"SYSLOG_PID" : "1782",
	"_PID" : "1782",
	"_BOOT_ID" : "0c14b47805f34c7e94e143ef292e837c",
	"_SOURCE_REALTIME_TIMESTAMP" : "1690870571910312",
	"PRIORITY" : "6",
	"_SELINUX_CONTEXT" : "unconfined\n",
	"_GID" : "0",
	"_SYSTEMD_SLICE" : "system.slice",
	"SYSLOG_TIMESTAMP" : "Aug  1 06:16:11 ",
	"_UID" : "0",
	"_SYSTEMD_CGROUP" : "/system.slice/ssh.service",
	"_HOSTNAME" : "restu"
}
{
	"CODE_FILE" : "src/core/job.c",
	"_UID" : "0",
	"_SOURCE_REALTIME_TIMESTAMP" : "1690870571912008",
	"_GID" : "0",
	"_MACHINE_ID" : "b2759cf15ef04c21a19c334115a7b9fe",
	"JOB_ID" : "1944",
	"_SYSTEMD_CGROUP" : "/init.scope",
	"_TRANSPORT" : "journal",
	"SYSLOG_IDENTIFIER" : "systemd",
	"_PID" : "1",
	"_SELINUX_CONTEXT" : "unconfined\n",
	"PRIORITY" : "6",
	"__CURSOR" : "s=29d90dfe862f40e8afcab55af609c07d;i=55b;b=0c14b47805f34c7e94e143ef292e837c;m=1dbf29f3;t=601d67bcccfe3;x=6e81bb9fe3924aa5",
	"UNIT" : "ssh.service",
	"_SYSTEMD_UNIT" : "init.scope",
	"_EXE" : "/usr/lib/systemd/systemd",
	"_CMDLINE" : "/sbin/init",
	"_CAP_EFFECTIVE" : "1ffffffffff",
	"_SYSTEMD_SLICE" : "-.slice",
	"SYSLOG_FACILITY" : "3",
	"JOB_TYPE" : "stop",
	"_HOSTNAME" : "restu",
	"__MONOTONIC_TIMESTAMP" : "499067379",
	"__REALTIME_TIMESTAMP" : "1690870571913187",
	"INVOCATION_ID" : "547c41a40a2b4d7aa6991126f72d52b7",
	"MESSAGE_ID" : "de5b426a63be47a7b6ac3eaac82e2f6f",
	"CODE_FUNC" : "job_emit_start_message",
	"CODE_LINE" : "557",
	"TID" : "1",
	"_COMM" : "systemd",
	"MESSAGE" : "Stopping OpenBSD Secure Shell server...",
	"_BOOT_ID" : "0c14b47805f34c7e94e143ef292e837c"
}
{
	"CODE_LINE" : "5553",
	"UNIT" : "ssh.service",
	"MESSAGE" : "ssh.service: Deactivated successfully.",
	"SYSLOG_IDENTIFIER" : "systemd",
	"MESSAGE_ID" : "7ad2d189f7e94e70a38c781354912448",
	"_UID" : "0",
	"_SYSTEMD_CGROUP" : "/init.scope",
	"_PID" : "1",
	"_SOURCE_REALTIME_TIMESTAMP" : "1690870571912277",
	"_TRANSPORT" : "journal",
	"__REALTIME_TIMESTAMP" : "1690870571913575",
	"_SELINUX_CONTEXT" : "unconfined\n",
	"TID" : "1",
	"__MONOTONIC_TIMESTAMP" : "499067767",
	"_BOOT_ID" : "0c14b47805f34c7e94e143ef292e837c",
	"__CURSOR" : "s=29d90dfe862f40e8afcab55af609c07d;i=55c;b=0c14b47805f34c7e94e143ef292e837c;m=1dbf2b77;t=601d67bccd167;x=e25a6ded83a94b5a",
	"_SYSTEMD_SLICE" : "-.slice",
	"_EXE" : "/usr/lib/systemd/systemd",
	"_SYSTEMD_UNIT" : "init.scope",
	"CODE_FILE" : "src/core/unit.c",
	"_CAP_EFFECTIVE" : "1ffffffffff",
	"INVOCATION_ID" : "547c41a40a2b4d7aa6991126f72d52b7",
	"_HOSTNAME" : "restu",
	"SYSLOG_FACILITY" : "3",
	"_CMDLINE" : "/sbin/init",
	"_MACHINE_ID" : "b2759cf15ef04c21a19c334115a7b9fe",
	"_COMM" : "systemd",
	"PRIORITY" : "6",
	"CODE_FUNC" : "unit_log_success",
	"_GID" : "0"
}
{
	"__REALTIME_TIMESTAMP" : "1690870571915181",
	"MESSAGE" : "Stopped OpenBSD Secure Shell server.",
	"_EXE" : "/usr/lib/systemd/systemd",
	"_SELINUX_CONTEXT" : "unconfined\n",
	"_HOSTNAME" : "restu",
	"JOB_RESULT" : "done",
	"_CMDLINE" : "/sbin/init",
	"CODE_FUNC" : "job_emit_done_message",
	"CODE_LINE" : "713",
	"_SYSTEMD_CGROUP" : "/init.scope",
	"CODE_FILE" : "src/core/job.c",
	"MESSAGE_ID" : "9d1aaa27d60140bd96365438aad20286",
	"INVOCATION_ID" : "547c41a40a2b4d7aa6991126f72d52b7",
	"_TRANSPORT" : "journal",
	"_MACHINE_ID" : "b2759cf15ef04c21a19c334115a7b9fe",
	"_PID" : "1",
	"_CAP_EFFECTIVE" : "1ffffffffff",
	"_GID" : "0",
	"_UID" : "0",
	"UNIT" : "ssh.service",
	"JOB_ID" : "1944",
	"JOB_TYPE" : "restart",
	"SYSLOG_FACILITY" : "3",
	"__CURSOR" : "s=29d90dfe862f40e8afcab55af609c07d;i=55d;b=0c14b47805f34c7e94e143ef292e837c;m=1dbf31bd;t=601d67bccd7ad;x=80b7b87755e126d7",
	"TID" : "1",
	"_COMM" : "systemd",
	"SYSLOG_IDENTIFIER" : "systemd",
	"_BOOT_ID" : "0c14b47805f34c7e94e143ef292e837c",
	"_SYSTEMD_UNIT" : "init.scope",
	"__MONOTONIC_TIMESTAMP" : "499069373",
	"PRIORITY" : "6",
	"_SOURCE_REALTIME_TIMESTAMP" : "1690870571913720",
	"_SYSTEMD_SLICE" : "-.slice"
}
{
	"JOB_ID" : "1944",
	"_SELINUX_CONTEXT" : "unconfined\n",
	"_SYSTEMD_SLICE" : "-.slice",
	"_SOURCE_REALTIME_TIMESTAMP" : "1690870571922789",
	"CODE_LINE" : "557",
	"__CURSOR" : "s=29d90dfe862f40e8afcab55af609c07d;i=55e;b=0c14b47805f34c7e94e143ef292e837c;m=1dbf5d1c;t=601d67bcd030d;x=66c7580c408f338b",
	"MESSAGE_ID" : "7d4958e842da4a758f6c1cdc7b36dcc5",
	"MESSAGE" : "Starting OpenBSD Secure Shell server...",
	"PRIORITY" : "6",
	"INVOCATION_ID" : "0844d99c8931498fb1959271cfed4459",
	"UNIT" : "ssh.service",
	"_EXE" : "/usr/lib/systemd/systemd",
	"__REALTIME_TIMESTAMP" : "1690870571926285",
	"__MONOTONIC_TIMESTAMP" : "499080476",
	"_HOSTNAME" : "restu",
	"_CAP_EFFECTIVE" : "1ffffffffff",
	"_PID" : "1",
	"_COMM" : "systemd",
	"_UID" : "0",
	"SYSLOG_FACILITY" : "3",
	"_TRANSPORT" : "journal",
	"SYSLOG_IDENTIFIER" : "systemd",
	"_SYSTEMD_CGROUP" : "/init.scope",
	"_BOOT_ID" : "0c14b47805f34c7e94e143ef292e837c",
	"CODE_FILE" : "src/core/job.c",
	"TID" : "1",
	"_CMDLINE" : "/sbin/init",
	"CODE_FUNC" : "job_emit_start_message",
	"_MACHINE_ID" : "b2759cf15ef04c21a19c334115a7b9fe",
	"_GID" : "0",
	"JOB_TYPE" : "start",
	"_SYSTEMD_UNIT" : "init.scope"
}
{
	"_SELINUX_CONTEXT" : "unconfined\n",
	"_GID" : "0",
	"_PID" : "1871",
	"_SYSTEMD_CGROUP" : "/system.slice/ssh.service",
	"_SYSTEMD_INVOCATION_ID" : "0844d99c8931498fb1959271cfed4459",
	"_SYSTEMD_SLICE" : "system.slice",
	"__REALTIME_TIMESTAMP" : "1690870571952284",
	"SYSLOG_IDENTIFIER" : "sshd",
	"SYSLOG_PID" : "1871",
	"SYSLOG_TIMESTAMP" : "Aug  1 06:16:11 ",
	"_CMDLINE" : "/usr/sbin/sshd -D",
	"MESSAGE" : "Server listening on 0.0.0.0 port 2000.",
	"SYSLOG_FACILITY" : "4",
	"_EXE" : "/usr/sbin/sshd",
	"__MONOTONIC_TIMESTAMP" : "499106476",
	"__CURSOR" : "s=29d90dfe862f40e8afcab55af609c07d;i=55f;b=0c14b47805f34c7e94e143ef292e837c;m=1dbfc2ac;t=601d67bcd689c;x=145c8ea54cfbb12d",
	"_COMM" : "sshd",
	"_SYSTEMD_UNIT" : "ssh.service",
	"_MACHINE_ID" : "b2759cf15ef04c21a19c334115a7b9fe",
	"_HOSTNAME" : "restu",
	"_UID" : "0",
	"PRIORITY" : "6",
	"_CAP_EFFECTIVE" : "1ffffffffff",
	"_SOURCE_REALTIME_TIMESTAMP" : "1690870571952273",
	"_BOOT_ID" : "0c14b47805f34c7e94e143ef292e837c",
	"_TRANSPORT" : "syslog"
}
{
	"MESSAGE" : "Server listening on :: port 2000.",
	"SYSLOG_PID" : "1871",
	"__MONOTONIC_TIMESTAMP" : "499106928",
	"_SYSTEMD_UNIT" : "ssh.service",
	"__REALTIME_TIMESTAMP" : "1690870571952736",
	"SYSLOG_FACILITY" : "4",
	"_EXE" : "/usr/sbin/sshd",
	"_GID" : "0",
	"_COMM" : "sshd",
	"_MACHINE_ID" : "b2759cf15ef04c21a19c334115a7b9fe",
	"_UID" : "0",
	"_PID" : "1871",
	"_SYSTEMD_CGROUP" : "/system.slice/ssh.service",
	"__CURSOR" : "s=29d90dfe862f40e8afcab55af609c07d;i=560;b=0c14b47805f34c7e94e143ef292e837c;m=1dbfc470;t=601d67bcd6a60;x=6e4960daad7260dc",
	"_HOSTNAME" : "restu",
	"_SYSTEMD_INVOCATION_ID" : "0844d99c8931498fb1959271cfed4459",
	"PRIORITY" : "6",
	"_SYSTEMD_SLICE" : "system.slice",
	"SYSLOG_TIMESTAMP" : "Aug  1 06:16:11 ",
	"_BOOT_ID" : "0c14b47805f34c7e94e143ef292e837c",
	"_CAP_EFFECTIVE" : "1ffffffffff",
	"_CMDLINE" : "/usr/sbin/sshd -D",
	"SYSLOG_IDENTIFIER" : "sshd",
	"_SOURCE_REALTIME_TIMESTAMP" : "1690870571952728",
	"_TRANSPORT" : "syslog",
	"_SELINUX_CONTEXT" : "unconfined\n"
}
{
	"PRIORITY" : "6",
	"_SELINUX_CONTEXT" : "unconfined\n",
	"_CMDLINE" : "/sbin/init",
	"_TRANSPORT" : "journal",
	"_GID" : "0",
	"_COMM" : "systemd",
	"_BOOT_ID" : "0c14b47805f34c7e94e143ef292e837c",
	"_MACHINE_ID" : "b2759cf15ef04c21a19c334115a7b9fe",
	"MESSAGE" : "Started OpenBSD Secure Shell server.",
	"CODE_LINE" : "713",
	"CODE_FILE" : "src/core/job.c",
	"JOB_TYPE" : "start",
	"__MONOTONIC_TIMESTAMP" : "499112074",
	"JOB_RESULT" : "done",
	"_EXE" : "/usr/lib/systemd/systemd",
	"SYSLOG_FACILITY" : "3",
	"SYSLOG_IDENTIFIER" : "systemd",
	"TID" : "1",
	"__CURSOR" : "s=29d90dfe862f40e8afcab55af609c07d;i=561;b=0c14b47805f34c7e94e143ef292e837c;m=1dbfd88a;t=601d67bcd7e7a;x=c61b695abf2f654",
	"JOB_ID" : "1944",
	"INVOCATION_ID" : "0844d99c8931498fb1959271cfed4459",
	"MESSAGE_ID" : "39f53479d3a045ac8e11786248231fbf",
	"_SYSTEMD_UNIT" : "init.scope",
	"_CAP_EFFECTIVE" : "1ffffffffff",
	"_PID" : "1",
	"_HOSTNAME" : "restu",
	"_UID" : "0",
	"__REALTIME_TIMESTAMP" : "1690870571957882",
	"UNIT" : "ssh.service",
	"_SOURCE_REALTIME_TIMESTAMP" : "1690870571952968",
	"_SYSTEMD_SLICE" : "-.slice",
	"_SYSTEMD_CGROUP" : "/init.scope",
	"CODE_FUNC" : "job_emit_done_message"
}
